motif	motif_dir	motif_cat	GeneSymbol	edge_v	abs_edge_v	class	set
AP-1	down	bZIP	Bmp7	-5.20065945054642	5.20065945054642	MAPK1	p1_wnt_mapk1_mapk2
AP-1	down	bZIP	Comp	-4.37913552473488	4.37913552473488	MAPK1	p1_mapk1_mapk2
AP-1	down	bZIP	Cxxc5	-4.13924287691846	4.13924287691846	MAPK1	p1_wnt_mapk1_mapk2
AP-1	down	bZIP	Dbn1	-4.51243743974362	4.51243743974362	MAPK1	p1_only_mapk1
AP-1	down	bZIP	Elmo1	-4.47249898901888	4.47249898901888	MAPK1	p1_wnt_mapk1_mapk2
AP-1	down	bZIP	Fbln1	-4.10028890542886	4.10028890542886	MAPK1	p1_wnt_mapk1_mapk2
AP-1	down	bZIP	Fxyd6	-4.54959691384463	4.54959691384463	MAPK1	p1_wnt_mapk1
AP-1	down	bZIP	Gabrp	-6.47755576649368	6.47755576649368	MAPK1	p1_wnt_mapk1_mapk2
AP-1	down	bZIP	Hpgds	-4.04436034697675	4.04436034697675	MAPK1	p1_mapk1_mapk2
AP-1	down	bZIP	Klk7	-5.74909230029914	5.74909230029914	MAPK1	p1_wnt_mapk1_mapk2
AP-1	down	bZIP	Klk8	-6.00043451177402	6.00043451177402	MAPK1	p1_wnt_mapk1_mapk2
AP-1	down	bZIP	Limch1	-5.09151498112135	5.09151498112135	MAPK1	p1_wnt_mapk1_mapk2
AP-1	down	bZIP	Mamld1	-4.13924287691846	4.13924287691846	MAPK1	p1_only_mapk1
AP-1	down	bZIP	Nkd1	-5.84710040360625	5.84710040360625	MAPK1	p1_wnt_mapk1_mapk2
AP-1	down	bZIP	Osr2	-4.38870163770357	4.38870163770357	MAPK1	p1_wnt_mapk1_mapk2
AP-1	down	bZIP	Otud1	-4.09103269958161	4.09103269958161	MAPK1	p1_wnt_mapk1_mapk2
AP-1	down	bZIP	Pglyrp4	-4.115148017254	4.115148017254	MAPK1	p1_mapk1_mapk2
AP-1	down	bZIP	Pla2g7	-5.18422307970164	5.18422307970164	MAPK1	p1_wnt_mapk1
AP-1	down	bZIP	Ramp3	-4.26312563835158	4.26312563835158	MAPK1	p1_wnt_mapk1_mapk2
AP-1	down	bZIP	Smad1	-4.19517932127884	4.19517932127884	MAPK1	p1_wnt_mapk1_mapk2
AP-1	down	bZIP	Smo	-4.63395079019976	4.63395079019976	MAPK1	p1_wnt_mapk1
AP-1	down	bZIP	Smoc2	-5.20314825095011	5.20314825095011	MAPK1	p1_wnt_mapk1_mapk2
AP-1	down	bZIP	Trim62	-4.26945996352288	4.26945996352288	MAPK1	p1_wnt_mapk1_mapk2
AP-1	down	bZIP	Wfdc18	-4.5016894462104	4.5016894462104	MAPK1	p1_wnt_mapk1_mapk2
AP-1	down	bZIP	Wif1	-4.21581079461904	4.21581079461904	MAPK1	p1_wnt_mapk1
AP-1	up	bZIP	Abcc3	4.19422736806433	4.19422736806433	MAPK1	p5_mapk1
AP-1	up	bZIP	Acsbg1	4.04153168163306	4.04153168163306	MAPK1	p5_mapk1
AP-1	up	bZIP	Acsl5	4.0087296108049	4.0087296108049	MAPK1	p5_mapk1
AP-1	up	bZIP	Asap1	4.43004118190341	4.43004118190341	MAPK1	p5_mapk1
AP-1	up	bZIP	Casp3	4.28802414564824	4.28802414564824	MAPK1	p5_mapk1
AP-1	up	bZIP	Cldn9	5.05453141486818	5.05453141486818	MAPK1	p5_mapk1
AP-1	up	bZIP	Cxcl3	4.18588564387087	4.18588564387087	MAPK1	p5_mapk1
AP-1	up	bZIP	Def6	4.01655414265866	4.01655414265866	MAPK1	p5_mapk1
AP-1	up	bZIP	Dusp7	4.43250310889578	4.43250310889578	MAPK1	p5_mapk1
AP-1	up	bZIP	Efs	4.74641971043782	4.74641971043782	MAPK1	p5_mapk1
AP-1	up	bZIP	Eomes	5.26472055193954	5.26472055193954	MAPK1	p5_mapk1
AP-1	up	bZIP	Epha2	4.79642322502203	4.79642322502203	MAPK1	p5_mapk1
AP-1	up	bZIP	Eps8	4.31695296176115	4.31695296176115	MAPK1	p5_mapk1
AP-1	up	bZIP	Gdpd3	4.02300845469385	4.02300845469385	MAPK1	p5_mapk1
AP-1	up	bZIP	Gramd4	4.26616099930285	4.26616099930285	MAPK1	p5_mapk1
AP-1	up	bZIP	Krt4	4.2530545903849	4.2530545903849	MAPK1	p5_mapk1
AP-1	up	bZIP	Krt7	4.25656863485332	4.25656863485332	MAPK1	p5_mapk1
AP-1	up	bZIP	Krt78	5.65306053730101	5.65306053730101	MAPK1	p5_mapk1
AP-1	up	bZIP	Krt79	4.1194722218012	4.1194722218012	MAPK1	p5_mapk1
AP-1	up	bZIP	Krt80	4.53895190832934	4.53895190832934	MAPK1	p5_mapk1
AP-1	up	bZIP	Lgals1	4.0879374444115	4.0879374444115	MAPK1	p5_mapk1
AP-1	up	bZIP	Lypd2	6.08671609823958	6.08671609823958	MAPK1	p5_mapk1
AP-1	up	bZIP	Myof	4.40033522121158	4.40033522121158	MAPK1	p5_mapk1
AP-1	up	bZIP	Ndrg1	4.02433846681894	4.02433846681894	MAPK1	p5_mapk1
AP-1	up	bZIP	Padi2	4.76145211231867	4.76145211231867	MAPK1	p5_mapk1
AP-1	up	bZIP	Proc	4.54469822834292	4.54469822834292	MAPK1	p5_mapk1
AP-1	up	bZIP	Procr	4.15415809257824	4.15415809257824	MAPK1	p5_mapk1
AP-1	up	bZIP	Prune2	5.02332911937519	5.02332911937519	MAPK1	p5_mapk1
AP-1	up	bZIP	Ptges	5.16896251435997	5.16896251435997	MAPK1	p5_mapk1
AP-1	up	bZIP	Rbp4	4.78330640083025	4.78330640083025	MAPK1	p5_mapk1
AP-1	up	bZIP	Spns2	4.95078197732982	4.95078197732982	MAPK1	p5_mapk1
AP-1	up	bZIP	Steap2	4.36592597451253	4.36592597451253	MAPK1	p5_mapk1
AP-1	up	bZIP	Syngr1	4.38341946991411	4.38341946991411	MAPK1	p5_mapk1
AP-1	up	bZIP	Tff1	4.1266793981846	4.1266793981846	MAPK1	p5_mapk1
AP-1	up	bZIP	Tff2	4.37048846579955	4.37048846579955	MAPK1	p5_mapk1
AP-1	up	bZIP	Tnfrsf26	4.89722338511656	4.89722338511656	MAPK1	p5_mapk1
AP-1	up	bZIP	Trip6	4.29260016886675	4.29260016886675	MAPK1	p5_mapk1
ATF1	down	bZIP	Apcdd1	-4.16500739626697	4.16500739626697	MAPK2	p1_wnt_mapk2
ATF1	down	bZIP	Bmp7	-5.10127481841051	5.10127481841051	MAPK2	p1_wnt_mapk1_mapk2
ATF1	down	bZIP	Comp	-4.24161805822532	4.24161805822532	MAPK2	p1_mapk1_mapk2
ATF1	down	bZIP	Cxxc5	-4.01090630738967	4.01090630738967	MAPK2	p1_wnt_mapk1_mapk2
ATF1	down	bZIP	Elmo1	-4.36051351073141	4.36051351073141	MAPK2	p1_wnt_mapk1_mapk2
ATF1	down	bZIP	Fbln1	-4.2537551282798	4.2537551282798	MAPK2	p1_wnt_mapk1_mapk2
ATF1	down	bZIP	Gabrp	-6.02456819149074	6.02456819149074	MAPK2	p1_wnt_mapk1_mapk2
ATF1	down	bZIP	Hpgds	-4.33601654539173	4.33601654539173	MAPK2	p1_mapk1_mapk2
ATF1	down	bZIP	Hs3st3b1	-4.23957751657679	4.23957751657679	MAPK2	p1_wnt_mapk1_mapk2
ATF1	down	bZIP	Igfbp1	-4.25266589038409	4.25266589038409	MAPK2	p1_wnt_mapk1_mapk2
ATF1	down	bZIP	Klk7	-5.48585086552456	5.48585086552456	MAPK2	p1_wnt_mapk1_mapk2
ATF1	down	bZIP	Klk8	-4.66474274356547	4.66474274356547	MAPK2	p1_wnt_mapk1_mapk2
ATF1	down	bZIP	Limch1	-4.69357497244931	4.69357497244931	MAPK2	p1_wnt_mapk1_mapk2
ATF1	down	bZIP	Nkd1	-5.51173138450454	5.51173138450454	MAPK2	p1_wnt_mapk1_mapk2
ATF1	down	bZIP	Otud1	-4.14539036190421	4.14539036190421	MAPK2	p1_wnt_mapk1_mapk2
ATF1	down	bZIP	Pglyrp4	-5.28533500713746	5.28533500713746	MAPK2	p1_mapk1_mapk2
ATF1	down	bZIP	Ramp3	-4.37851213541937	4.37851213541937	MAPK2	p1_wnt_mapk1_mapk2
ATF1	down	bZIP	Rtn4rl1	-4.12615646677656	4.12615646677656	MAPK2	p1_wnt_mapk2
ATF1	down	bZIP	Smad1	-4.7325935812471	4.7325935812471	MAPK2	p1_wnt_mapk1_mapk2
ATF1	down	bZIP	Smoc2	-4.33310778893346	4.33310778893346	MAPK2	p1_wnt_mapk1_mapk2
ATF1	down	bZIP	Tff3	-4.06691783763021	4.06691783763021	MAPK2	p1_wnt_mapk1_mapk2
ATF1	down	bZIP	Wfdc18	-5.93181413825384	5.93181413825384	MAPK2	p1_wnt_mapk1_mapk2
ATF2	down	bZIP	Bmp7	-5.22098102808513	5.22098102808513	MAPK2	p1_wnt_mapk1_mapk2
ATF2	down	bZIP	Cxxc5	-4.11008231656379	4.11008231656379	MAPK2	p1_wnt_mapk1_mapk2
ATF2	down	bZIP	Elmo1	-4.1692830505631	4.1692830505631	MAPK2	p1_wnt_mapk1_mapk2
ATF2	down	bZIP	Fbln1	-4.38774609390356	4.38774609390356	MAPK2	p1_wnt_mapk1_mapk2
ATF2	down	bZIP	Gabrp	-6.1765257708297	6.1765257708297	MAPK2	p1_wnt_mapk1_mapk2
ATF2	down	bZIP	Guk1	-4.0492458184065	4.0492458184065	MAPK2	p1_only_mapk2
ATF2	down	bZIP	Hpgds	-4.44806230463516	4.44806230463516	MAPK2	p1_mapk1_mapk2
ATF2	down	bZIP	Igfbp1	-4.52563802396737	4.52563802396737	MAPK2	p1_wnt_mapk1_mapk2
ATF2	down	bZIP	Klk7	-5.74909230029914	5.74909230029914	MAPK2	p1_wnt_mapk1_mapk2
ATF2	down	bZIP	Klk8	-4.82448818663655	4.82448818663655	MAPK2	p1_wnt_mapk1_mapk2
ATF2	down	bZIP	Limch1	-4.87419354186047	4.87419354186047	MAPK2	p1_wnt_mapk1_mapk2
ATF2	down	bZIP	March10	-4.22936887222219	4.22936887222219	MAPK2	p1_wnt_mapk1_mapk2
ATF2	down	bZIP	Nkd1	-5.48825028865502	5.48825028865502	MAPK2	p1_wnt_mapk1_mapk2
ATF2	down	bZIP	Otud1	-4.30443077296381	4.30443077296381	MAPK2	p1_wnt_mapk1_mapk2
ATF2	down	bZIP	Pglyrp4	-5.44806230463516	5.44806230463516	MAPK2	p1_mapk1_mapk2
ATF2	down	bZIP	Ramp3	-4.17043894370061	4.17043894370061	MAPK2	p1_wnt_mapk1_mapk2
ATF2	down	bZIP	Rtn4rl1	-4.22621355501881	4.22621355501881	MAPK2	p1_wnt_mapk2
ATF2	down	bZIP	Smad1	-4.89619627904404	4.89619627904404	MAPK2	p1_wnt_mapk1_mapk2
ATF2	down	bZIP	Smoc2	-4.22855951336009	4.22855951336009	MAPK2	p1_wnt_mapk1_mapk2
ATF2	down	bZIP	Svopl	-4.08921556520716	4.08921556520716	MAPK2	p1_only_mapk2
ATF2	down	bZIP	Tff3	-4.13088567302063	4.13088567302063	MAPK2	p1_wnt_mapk1_mapk2
ATF2	down	bZIP	Trim62	-4.27124052483213	4.27124052483213	MAPK2	p1_wnt_mapk1_mapk2
ATF2	down	bZIP	Wfdc18	-5.62251161662387	5.62251161662387	MAPK2	p1_wnt_mapk1_mapk2
ATF3	down	bZIP	Bmp7	-5.22885365118502	5.22885365118502	MAPK1	p1_wnt_mapk1_mapk2
ATF3	down	bZIP	Comp	-4.39147396642281	4.39147396642281	MAPK1	p1_mapk1_mapk2
ATF3	down	bZIP	Cxxc5	-4.15298290206465	4.15298290206465	MAPK1	p1_wnt_mapk1_mapk2
ATF3	down	bZIP	Elmo1	-4.63022771140304	4.63022771140304	MAPK1	p1_wnt_mapk1_mapk2
ATF3	down	bZIP	Fbln1	-4.10902040301031	4.10902040301031	MAPK1	p1_wnt_mapk1_mapk2
ATF3	down	bZIP	Fxyd6	-4.56193254954651	4.56193254954651	MAPK1	p1_wnt_mapk1
ATF3	down	bZIP	Gabrp	-6.43297363384094	6.43297363384094	MAPK1	p1_wnt_mapk1_mapk2
ATF3	down	bZIP	Hpgds	-4.05497479875754	4.05497479875754	MAPK1	p1_mapk1_mapk2
ATF3	down	bZIP	Hs3st3b1	-4.03207779326948	4.03207779326948	MAPK1	p1_wnt_mapk1_mapk2
ATF3	down	bZIP	Igfbp1	-4.0670191780768	4.0670191780768	MAPK1	p1_wnt_mapk1_mapk2
ATF3	down	bZIP	Klk7	-5.44806230463516	5.44806230463516	MAPK1	p1_wnt_mapk1_mapk2
ATF3	down	bZIP	Klk8	-5.57446577950174	5.57446577950174	MAPK1	p1_wnt_mapk1_mapk2
ATF3	down	bZIP	Limch1	-5.1137913758325	5.1137913758325	MAPK1	p1_wnt_mapk1_mapk2
ATF3	down	bZIP	March10	-4.2963647624161	4.2963647624161	MAPK1	p1_wnt_mapk1_mapk2
ATF3	down	bZIP	Nkd1	-5.8784401558125	5.8784401558125	MAPK1	p1_wnt_mapk1_mapk2
ATF3	down	bZIP	Osr2	-4.39642263184853	4.39642263184853	MAPK1	p1_wnt_mapk1_mapk2
ATF3	down	bZIP	Otud1	-4.12285911021518	4.12285911021518	MAPK1	p1_wnt_mapk1_mapk2
ATF3	down	bZIP	Pla2g7	-4.88306035344924	4.88306035344924	MAPK1	p1_wnt_mapk1
ATF3	down	bZIP	Ramp3	-4.07748213975539	4.07748213975539	MAPK1	p1_wnt_mapk1_mapk2
ATF3	down	bZIP	Smad1	-4.67860872168831	4.67860872168831	MAPK1	p1_wnt_mapk1_mapk2
ATF3	down	bZIP	Smo	-4.18715346303293	4.18715346303293	MAPK1	p1_wnt_mapk1
ATF3	down	bZIP	Smoc2	-5.18842499412941	5.18842499412941	MAPK1	p1_wnt_mapk1_mapk2
ATF3	down	bZIP	Trim62	-4.04575749056067	4.04575749056067	MAPK1	p1_wnt_mapk1_mapk2
ATF3	down	bZIP	Wfdc18	-4.50612388914718	4.50612388914718	MAPK1	p1_wnt_mapk1_mapk2
ATF3	down	bZIP	Wif1	-4.29877751574344	4.29877751574344	MAPK1	p1_wnt_mapk1
ATF3	up	bZIP	Abcc3	4.42504322423549	4.42504322423549	MAPK1	p5_mapk1
ATF3	up	bZIP	Acsbg1	4.07784567476894	4.07784567476894	MAPK1	p5_mapk1
ATF3	up	bZIP	Aqp5	4.01260190086298	4.01260190086298	MAPK1	p5_mapk1
ATF3	up	bZIP	Asap1	4.45333397492982	4.45333397492982	MAPK1	p5_mapk1
ATF3	up	bZIP	Capg	4.37191773900932	4.37191773900932	MAPK1	p5_mapk1
ATF3	up	bZIP	Casp3	4.41839163396794	4.41839163396794	MAPK1	p5_mapk1
ATF3	up	bZIP	Cldn9	5.03630659476198	5.03630659476198	MAPK1	p5_mapk1
ATF3	up	bZIP	Def6	4.05453141486818	4.05453141486818	MAPK1	p5_mapk1
ATF3	up	bZIP	Dusp7	4.41680122603138	4.41680122603138	MAPK1	p5_mapk1
ATF3	up	bZIP	Efs	4.7705741520793	4.7705741520793	MAPK1	p5_mapk1
ATF3	up	bZIP	Emp1	4.34332695411515	4.34332695411515	MAPK1	p5_mapk1
ATF3	up	bZIP	Eomes	5.28458167740494	5.28458167740494	MAPK1	p5_mapk1
ATF3	up	bZIP	Epha2	4.01818139282934	4.01818139282934	MAPK1	p5_mapk1
ATF3	up	bZIP	Eps8	4.3005091547278	4.3005091547278	MAPK1	p5_mapk1
ATF3	up	bZIP	Gdpd3	4.03682628362475	4.03682628362475	MAPK1	p5_mapk1
ATF3	up	bZIP	Gramd4	4.22753159694672	4.22753159694672	MAPK1	p5_mapk1
ATF3	up	bZIP	Krt14	4.10657115822046	4.10657115822046	MAPK1	p5_mapk1
ATF3	up	bZIP	Krt18	4.66114525374768	4.66114525374768	MAPK1	p5_mapk1
ATF3	up	bZIP	Krt4	4.31596296251348	4.31596296251348	MAPK1	p5_mapk1
ATF3	up	bZIP	Krt78	5.89042145309561	5.89042145309561	MAPK1	p5_mapk1
ATF3	up	bZIP	Krt79	4.20162562331844	4.20162562331844	MAPK1	p5_mapk1
ATF3	up	bZIP	Krt80	4.46648213798303	4.46648213798303	MAPK1	p5_mapk1
ATF3	up	bZIP	Lgals1	4.1254022312968	4.1254022312968	MAPK1	p5_mapk1
ATF3	up	bZIP	Lypd2	6.24641694110709	6.24641694110709	MAPK1	p5_mapk1
ATF3	up	bZIP	Myof	4.41386297476921	4.41386297476921	MAPK1	p5_mapk1
ATF3	up	bZIP	Ndrg1	4.54576510425173	4.54576510425173	MAPK1	p5_mapk1
ATF3	up	bZIP	Padi2	4.77520804350732	4.77520804350732	MAPK1	p5_mapk1
ATF3	up	bZIP	Proc	4.57300104124346	4.57300104124346	MAPK1	p5_mapk1
ATF3	up	bZIP	Procr	4.1882239783971	4.1882239783971	MAPK1	p5_mapk1
ATF3	up	bZIP	Prune2	5.06620911585658	5.06620911585658	MAPK1	p5_mapk1
ATF3	up	bZIP	Ptges	5.21452779669361	5.21452779669361	MAPK1	p5_mapk1
ATF3	up	bZIP	Rbp4	4.80771138743188	4.80771138743188	MAPK1	p5_mapk1
ATF3	up	bZIP	Scara5	4.00091297737411	4.00091297737411	MAPK1	p5_mapk1
ATF3	up	bZIP	Slurp1	4.20802879897923	4.20802879897923	MAPK1	p5_mapk1
ATF3	up	bZIP	Spns2	4.04783742578554	4.04783742578554	MAPK1	p5_mapk1
ATF3	up	bZIP	Steap2	4.39523411529611	4.39523411529611	MAPK1	p5_mapk1
ATF3	up	bZIP	Syngr1	4.55940573816017	4.55940573816017	MAPK1	p5_mapk1
ATF3	up	bZIP	Tff1	4.16291684917681	4.16291684917681	MAPK1	p5_mapk1
ATF3	up	bZIP	Tff2	4.41027374374576	4.41027374374576	MAPK1	p5_mapk1
ATF3	up	bZIP	Tnfaip2	4.08386201689282	4.08386201689282	MAPK1	p5_mapk1
ATF3	up	bZIP	Tnfrsf26	4.93330144957701	4.93330144957701	MAPK1	p5_mapk1
ATF3	up	bZIP	Trip6	4.30662484897482	4.30662484897482	MAPK1	p5_mapk1
ATF7	down	bZIP	Apcdd1	-4.27376195319736	4.27376195319736	MAPK2	p1_wnt_mapk2
ATF7	down	bZIP	Bmp7	-5.15589576930249	5.15589576930249	MAPK2	p1_wnt_mapk1_mapk2
ATF7	down	bZIP	Cxxc5	-4.05453141486818	4.05453141486818	MAPK2	p1_wnt_mapk1_mapk2
ATF7	down	bZIP	Elmo1	-4.121593112419	4.121593112419	MAPK2	p1_wnt_mapk1_mapk2
ATF7	down	bZIP	Fbln1	-4.31704307369879	4.31704307369879	MAPK2	p1_wnt_mapk1_mapk2
ATF7	down	bZIP	Gabrp	-6.07727454200674	6.07727454200674	MAPK2	p1_wnt_mapk1_mapk2
ATF7	down	bZIP	Hpgds	-4.3873220816835	4.3873220816835	MAPK2	p1_mapk1_mapk2
ATF7	down	bZIP	Igfbp1	-4.36804917374078	4.36804917374078	MAPK2	p1_wnt_mapk1_mapk2
ATF7	down	bZIP	Klk7	-5.68214551066853	5.68214551066853	MAPK2	p1_wnt_mapk1_mapk2
ATF7	down	bZIP	Klk8	-4.70663744528855	4.70663744528855	MAPK2	p1_wnt_mapk1_mapk2
ATF7	down	bZIP	Limch1	-4.75920122888267	4.75920122888267	MAPK2	p1_wnt_mapk1_mapk2
ATF7	down	bZIP	March10	-4.1714045436283	4.1714045436283	MAPK2	p1_wnt_mapk1_mapk2
ATF7	down	bZIP	Nkd1	-5.43723145698348	5.43723145698348	MAPK2	p1_wnt_mapk1_mapk2
ATF7	down	bZIP	Osr2	-4.31821623353212	4.31821623353212	MAPK2	p1_wnt_mapk1_mapk2
ATF7	down	bZIP	Otud1	-4.19436323369407	4.19436323369407	MAPK2	p1_wnt_mapk1_mapk2
ATF7	down	bZIP	Pglyrp4	-5.32808698755841	5.32808698755841	MAPK2	p1_mapk1_mapk2
ATF7	down	bZIP	Ramp3	-4.13247358880026	4.13247358880026	MAPK2	p1_wnt_mapk1_mapk2
ATF7	down	bZIP	Rtn4rl1	-4.17243688874528	4.17243688874528	MAPK2	p1_wnt_mapk2
ATF7	down	bZIP	Smad1	-4.85636076472546	4.85636076472546	MAPK2	p1_wnt_mapk1_mapk2
ATF7	down	bZIP	Smoc2	-4.20690839982342	4.20690839982342	MAPK2	p1_wnt_mapk1_mapk2
ATF7	down	bZIP	Svopl	-4.00585888887388	4.00585888887388	MAPK2	p1_only_mapk2
ATF7	down	bZIP	Tff3	-4.09371884422785	4.09371884422785	MAPK2	p1_wnt_mapk1_mapk2
ATF7	down	bZIP	Trim62	-4.63921731012672	4.63921731012672	MAPK2	p1_wnt_mapk1_mapk2
ATF7	down	bZIP	Wfdc18	-6.11633856484638	6.11633856484638	MAPK2	p1_wnt_mapk1_mapk2
BATF	down	bZIP	Bmp7	-5.25336580106242	5.25336580106242	MAPK1	p1_wnt_mapk1_mapk2
BATF	down	bZIP	Comp	-4.39147396642281	4.39147396642281	MAPK1	p1_mapk1_mapk2
BATF	down	bZIP	Cxxc5	-4.12004441487725	4.12004441487725	MAPK1	p1_wnt_mapk1_mapk2
BATF	down	bZIP	Elmo1	-4.3292904047762	4.3292904047762	MAPK1	p1_wnt_mapk1_mapk2
BATF	down	bZIP	Fbln1	-4.12147820449879	4.12147820449879	MAPK1	p1_wnt_mapk1_mapk2
BATF	down	bZIP	Fxyd6	-4.51018209169855	4.51018209169855	MAPK1	p1_wnt_mapk1
BATF	down	bZIP	Gabrp	-6.54060751224077	6.54060751224077	MAPK1	p1_wnt_mapk1_mapk2
BATF	down	bZIP	Hpgds	-4.05596171994558	4.05596171994558	MAPK1	p1_mapk1_mapk2
BATF	down	bZIP	Igfbp1	-4.17347169365935	4.17347169365935	MAPK1	p1_wnt_mapk1_mapk2
BATF	down	bZIP	Klk7	-5.18482086986058	5.18482086986058	MAPK1	p1_wnt_mapk1_mapk2
BATF	down	bZIP	Klk8	-5.39837452044606	5.39837452044606	MAPK1	p1_wnt_mapk1_mapk2
BATF	down	bZIP	Limch1	-5.03081714076774	5.03081714076774	MAPK1	p1_wnt_mapk1_mapk2
BATF	down	bZIP	March10	-4.03310770413286	4.03310770413286	MAPK1	p1_wnt_mapk1_mapk2
BATF	down	bZIP	Nkd1	-5.89346914617762	5.89346914617762	MAPK1	p1_wnt_mapk1_mapk2
BATF	down	bZIP	Osr2	-4.41839163396794	4.41839163396794	MAPK1	p1_wnt_mapk1_mapk2
BATF	down	bZIP	Otud1	-4.14539036190421	4.14539036190421	MAPK1	p1_wnt_mapk1_mapk2
BATF	down	bZIP	Pla2g7	-5.18422307970164	5.18422307970164	MAPK1	p1_wnt_mapk1
BATF	down	bZIP	Ramp3	-4.27531461176264	4.27531461176264	MAPK1	p1_wnt_mapk1_mapk2
BATF	down	bZIP	Smad1	-4.58737147945562	4.58737147945562	MAPK1	p1_wnt_mapk1_mapk2
BATF	down	bZIP	Smo	-4.19777376230893	4.19777376230893	MAPK1	p1_wnt_mapk1
BATF	down	bZIP	Smoc2	-5.22621355501881	5.22621355501881	MAPK1	p1_wnt_mapk1_mapk2
BATF	down	bZIP	Trim62	-4.28988263488818	4.28988263488818	MAPK1	p1_wnt_mapk1_mapk2
BATF	down	bZIP	Wfdc18	-4.5104633705179	4.5104633705179	MAPK1	p1_wnt_mapk1_mapk2
BATF	down	bZIP	Wif1	-4.23634742943547	4.23634742943547	MAPK1	p1_wnt_mapk1
BATF	up	bZIP	Acsbg1	4.08291480935943	4.08291480935943	MAPK1	p5_mapk1
BATF	up	bZIP	Adssl1	4.03277974021703	4.03277974021703	MAPK1	p5_mapk1
BATF	up	bZIP	Aqp5	4.00753485219196	4.00753485219196	MAPK1	p5_mapk1
BATF	up	bZIP	Asap1	4.27107835362714	4.27107835362714	MAPK1	p5_mapk1
BATF	up	bZIP	Capg	4.52870828894106	4.52870828894106	MAPK1	p5_mapk1
BATF	up	bZIP	Casp3	4.51527319570134	4.51527319570134	MAPK1	p5_mapk1
BATF	up	bZIP	Cldn9	4.69271795296665	4.69271795296665	MAPK1	p5_mapk1
BATF	up	bZIP	Cobll1	4.39158094868271	4.39158094868271	MAPK1	p5_mapk1
BATF	up	bZIP	Cxcl3	4.13679614097137	4.13679614097137	MAPK1	p5_mapk1
BATF	up	bZIP	Def6	4.0471591433243	4.0471591433243	MAPK1	p5_mapk1
BATF	up	bZIP	Dusp7	4.10050780386187	4.10050780386187	MAPK1	p5_mapk1
BATF	up	bZIP	Efs	4.76700388960785	4.76700388960785	MAPK1	p5_mapk1
BATF	up	bZIP	Eomes	5.28836146176765	5.28836146176765	MAPK1	p5_mapk1
BATF	up	bZIP	Epha2	4.27343578383776	4.27343578383776	MAPK1	p5_mapk1
BATF	up	bZIP	Eps8	4.38944629468291	4.38944629468291	MAPK1	p5_mapk1
BATF	up	bZIP	Gdpd3	4.03962436858984	4.03962436858984	MAPK1	p5_mapk1
BATF	up	bZIP	Gramd4	4.2868455981627	4.2868455981627	MAPK1	p5_mapk1
BATF	up	bZIP	Il33	4.05060999335509	4.05060999335509	MAPK1	p5_mapk1
BATF	up	bZIP	Krt18	4.48518670500071	4.48518670500071	MAPK1	p5_mapk1
BATF	up	bZIP	Krt4	4.34160697372088	4.34160697372088	MAPK1	p5_mapk1
BATF	up	bZIP	Krt78	5.89042145309561	5.89042145309561	MAPK1	p5_mapk1
BATF	up	bZIP	Krt79	4.3266104218117	4.3266104218117	MAPK1	p5_mapk1
BATF	up	bZIP	Krt80	4.49227902331439	4.49227902331439	MAPK1	p5_mapk1
BATF	up	bZIP	Lypd2	6.12147820449879	6.12147820449879	MAPK1	p5_mapk1
BATF	up	bZIP	Me1	4.0051551504466	4.0051551504466	MAPK1	p5_mapk1
BATF	up	bZIP	Myof	4.51427857351842	4.51427857351842	MAPK1	p5_mapk1
BATF	up	bZIP	Ndrg1	4.23784680769641	4.23784680769641	MAPK1	p5_mapk1
BATF	up	bZIP	Osbpl3	4.30688888453786	4.30688888453786	MAPK1	p5_mapk1
BATF	up	bZIP	Padi2	4.77858576215766	4.77858576215766	MAPK1	p5_mapk1
BATF	up	bZIP	Proc	4.56719099496683	4.56719099496683	MAPK1	p5_mapk1
BATF	up	bZIP	Procr	4.19422736806433	4.19422736806433	MAPK1	p5_mapk1
BATF	up	bZIP	Prune2	5.03461012978488	5.03461012978488	MAPK1	p5_mapk1
BATF	up	bZIP	Ptges	4.81191562628506	4.81191562628506	MAPK1	p5_mapk1
BATF	up	bZIP	Rbp4	4.80410034759077	4.80410034759077	MAPK1	p5_mapk1
BATF	up	bZIP	Scara5	4.04301563225724	4.04301563225724	MAPK1	p5_mapk1
BATF	up	bZIP	Slc7a11	4.00625524344554	4.00625524344554	MAPK1	p5_mapk1
BATF	up	bZIP	Slurp1	4.141102042768	4.141102042768	MAPK1	p5_mapk1
BATF	up	bZIP	Spns2	4.10585015323208	4.10585015323208	MAPK1	p5_mapk1
BATF	up	bZIP	Stambpl1	4.2844144481068	4.2844144481068	MAPK1	p5_mapk1
BATF	up	bZIP	Steap2	4.5815329790534	4.5815329790534	MAPK1	p5_mapk1
BATF	up	bZIP	Syngr1	4.55940573816017	4.55940573816017	MAPK1	p5_mapk1
BATF	up	bZIP	Tead4	4.04856533446799	4.04856533446799	MAPK1	p5_mapk1
BATF	up	bZIP	Tff1	4.17243688874528	4.17243688874528	MAPK1	p5_mapk1
BATF	up	bZIP	Tff2	4.39957167426787	4.39957167426787	MAPK1	p5_mapk1
BATF	up	bZIP	Tnfaip2	4.07634157820669	4.07634157820669	MAPK1	p5_mapk1
BATF	up	bZIP	Tnfrsf26	4.93330144957701	4.93330144957701	MAPK1	p5_mapk1
BATF	up	bZIP	Trip6	4.26584048675553	4.26584048675553	MAPK1	p5_mapk1
BACH2	up	bZIP	Acsbg1	4.51399481363776	4.51399481363776	MAPK1	p5_mapk1
BACH2	up	bZIP	Acsl5	4.43616308133546	4.43616308133546	MAPK1	p5_mapk1
BACH2	up	bZIP	Actn1	4.30224772583225	4.30224772583225	MAPK1	p5_mapk1
BACH2	up	bZIP	Adssl1	4.75970041799729	4.75970041799729	MAPK1	p5_mapk1
BACH2	up	bZIP	Asap1	4.4467239538629	4.4467239538629	MAPK1	p5_mapk1
BACH2	up	bZIP	Cldn9	4.49485002168009	4.49485002168009	MAPK1	p5_mapk1
BACH2	up	bZIP	Csf2	4.10924374808178	4.10924374808178	MAPK1	p5_mapk1
BACH2	up	bZIP	Efs	4.82448818663655	4.82448818663655	MAPK1	p5_mapk1
BACH2	up	bZIP	Eomes	5.40726823360604	5.40726823360604	MAPK1	p5_mapk1
BACH2	up	bZIP	Epha2	5.27343578383776	5.27343578383776	MAPK1	p5_mapk1
BACH2	up	bZIP	Eps8	4.50141379118248	4.50141379118248	MAPK1	p5_mapk1
BACH2	up	bZIP	Fads3	4.08905559425002	4.08905559425002	MAPK1	p5_mapk1
BACH2	up	bZIP	Gdpd3	4.29679462930451	4.29679462930451	MAPK1	p5_mapk1
BACH2	up	bZIP	Glrp1	4.15101079374883	4.15101079374883	MAPK1	p5_mapk1
BACH2	up	bZIP	Il33	4.28667749501297	4.28667749501297	MAPK1	p5_mapk1
BACH2	up	bZIP	Krt27	4.09296504751658	4.09296504751658	MAPK1	p5_mapk1
BACH2	up	bZIP	Krt7	4.07206531825882	4.07206531825882	MAPK1	p5_mapk1
BACH2	up	bZIP	Krt78	5.06849127813338	5.06849127813338	MAPK1	p5_mapk1
BACH2	up	bZIP	Krt80	4.5103227083363	4.5103227083363	MAPK1	p5_mapk1
BACH2	up	bZIP	Lypd2	5.25126944390151	5.25126944390151	MAPK1	p5_mapk1
BACH2	up	bZIP	Me1	4.44587441848699	4.44587441848699	MAPK1	p5_mapk1
BACH2	up	bZIP	Pacsin2	4.05923456436878	4.05923456436878	MAPK1	p5_mapk1
BACH2	up	bZIP	Padi2	4.85387196432176	4.85387196432176	MAPK1	p5_mapk1
BACH2	up	bZIP	Proc	4.7856861025756	4.7856861025756	MAPK1	p5_mapk1
BACH2	up	bZIP	Prune2	5.61439372640169	5.61439372640169	MAPK1	p5_mapk1
BACH2	up	bZIP	Ptges	4.88840147511961	4.88840147511961	MAPK1	p5_mapk1
BACH2	up	bZIP	Rbp4	4.63171311509787	4.63171311509787	MAPK1	p5_mapk1
BACH2	up	bZIP	Sh3kbp1	4.08165507103772	4.08165507103772	MAPK1	p5_mapk1
BACH2	up	bZIP	Steap2	4.43215054942689	4.43215054942689	MAPK1	p5_mapk1
BACH2	up	bZIP	Syngr1	4.55940573816017	4.55940573816017	MAPK1	p5_mapk1
BACH2	up	bZIP	Tff2	4.03007181057188	4.03007181057188	MAPK1	p5_mapk1
BACH2	up	bZIP	Tnfaip2	4.25336580106242	4.25336580106242	MAPK1	p5_mapk1
BACH2	up	bZIP	Tnfrsf26	4.55611145322263	4.55611145322263	MAPK1	p5_mapk1
CREB5	down	bZIP	Apcdd1	-4.36501919994877	4.36501919994877	MAPK2	p1_wnt_mapk2
CREB5	down	bZIP	Bmp7	-5.24230037491226	5.24230037491226	MAPK2	p1_wnt_mapk1_mapk2
CREB5	down	bZIP	Bst2	-4.03334211579824	4.03334211579824	MAPK2	p1_only_mapk2
CREB5	down	bZIP	Cxxc5	-4.10862982530385	4.10862982530385	MAPK2	p1_wnt_mapk1_mapk2
CREB5	down	bZIP	Elmo1	-4.49052864789745	4.49052864789745	MAPK2	p1_wnt_mapk1_mapk2
CREB5	down	bZIP	Igfbp1	-4.65052820078561	4.65052820078561	MAPK2	p1_wnt_mapk1_mapk2
CREB5	down	bZIP	Klk7	-5.82827354634677	5.82827354634677	MAPK2	p1_wnt_mapk1_mapk2
CREB5	down	bZIP	Klk8	-4.89790947448816	4.89790947448816	MAPK2	p1_wnt_mapk1_mapk2
CREB5	down	bZIP	Limch1	-4.9613798380503	4.9613798380503	MAPK2	p1_wnt_mapk1_mapk2
CREB5	down	bZIP	March10	-4.2963647624161	4.2963647624161	MAPK2	p1_wnt_mapk1_mapk2
CREB5	down	bZIP	Osr2	-4.38679264789624	4.38679264789624	MAPK2	p1_wnt_mapk1_mapk2
CREB5	down	bZIP	Otud1	-4.33021838479146	4.33021838479146	MAPK2	p1_wnt_mapk1_mapk2
CREB5	down	bZIP	Pglyrp4	-5.14703230897118	5.14703230897118	MAPK2	p1_mapk1_mapk2
CREB5	down	bZIP	Ramp3	-4.16564288728159	4.16564288728159	MAPK2	p1_wnt_mapk1_mapk2
CREB5	down	bZIP	Rtn4rl1	-4.24641694110709	4.24641694110709	MAPK2	p1_wnt_mapk2
CREB5	down	bZIP	Smad1	-4.06788152797088	4.06788152797088	MAPK2	p1_wnt_mapk1_mapk2
CREB5	down	bZIP	Svopl	-4.14721513131945	4.14721513131945	MAPK2	p1_only_mapk2
CREB5	down	bZIP	Tff3	-4.12615646677656	4.12615646677656	MAPK2	p1_wnt_mapk1_mapk2
CREB5	down	bZIP	Trim62	-4.28802414564824	4.28802414564824	MAPK2	p1_wnt_mapk1_mapk2
CREB5	down	bZIP	Wfdc18	-5.45469288353418	5.45469288353418	MAPK2	p1_wnt_mapk1_mapk2
CREB5	down	bZIP	Wnt6	-4.07340034609297	4.07340034609297	MAPK2	p1_wnt_mapk2
FOS	down	bZIP	Bmp7	-5.02209357236288	5.02209357236288	MAPK1	p1_wnt_mapk1_mapk2
FOS	down	bZIP	Comp	-4.4068247365219	4.4068247365219	MAPK1	p1_mapk1_mapk2
FOS	down	bZIP	Cxxc5	-4.13024040521759	4.13024040521759	MAPK1	p1_wnt_mapk1_mapk2
FOS	down	bZIP	Elmo1	-4.50696041168235	4.50696041168235	MAPK1	p1_wnt_mapk1_mapk2
FOS	down	bZIP	Fbln1	-4.12877744324029	4.12877744324029	MAPK1	p1_wnt_mapk1_mapk2
FOS	down	bZIP	Fxyd6	-4.57626275001767	4.57626275001767	MAPK1	p1_wnt_mapk1
FOS	down	bZIP	Gabrp	-6.07262963696098	6.07262963696098	MAPK1	p1_wnt_mapk1_mapk2
FOS	down	bZIP	Hpgds	-4.06383825908884	4.06383825908884	MAPK1	p1_mapk1_mapk2
FOS	down	bZIP	Hs3st3b1	-4.02872415126189	4.02872415126189	MAPK1	p1_wnt_mapk1_mapk2
FOS	down	bZIP	Igfbp1	-4.12772715377579	4.12772715377579	MAPK1	p1_wnt_mapk1_mapk2
FOS	down	bZIP	Klk7	-5.62415356369084	5.62415356369084	MAPK1	p1_wnt_mapk1_mapk2
FOS	down	bZIP	Klk8	-5.69940451611004	5.69940451611004	MAPK1	p1_wnt_mapk1_mapk2
FOS	down	bZIP	Limch1	-5.48945498979339	5.48945498979339	MAPK1	p1_wnt_mapk1_mapk2
FOS	down	bZIP	March10	-4.47237009912866	4.47237009912866	MAPK1	p1_wnt_mapk1_mapk2
FOS	down	bZIP	Nkd1	-5.90274269030658	5.90274269030658	MAPK1	p1_wnt_mapk1_mapk2
FOS	down	bZIP	Osr2	-4.41228903498109	4.41228903498109	MAPK1	p1_wnt_mapk1_mapk2
FOS	down	bZIP	Pla2g7	-5.18422307970164	5.18422307970164	MAPK1	p1_wnt_mapk1
FOS	down	bZIP	Ramp3	-4.08740600224789	4.08740600224789	MAPK1	p1_wnt_mapk1_mapk2
FOS	down	bZIP	Smad1	-4.68172791978837	4.68172791978837	MAPK1	p1_wnt_mapk1_mapk2
FOS	down	bZIP	Smo	-4.20495462957888	4.20495462957888	MAPK1	p1_wnt_mapk1
FOS	down	bZIP	Smoc2	-5.25900606841511	5.25900606841511	MAPK1	p1_wnt_mapk1_mapk2
FOS	down	bZIP	Trim62	-4.05566540802922	4.05566540802922	MAPK1	p1_wnt_mapk1_mapk2
FOS	down	bZIP	Wfdc18	-4.51555779235759	4.51555779235759	MAPK1	p1_wnt_mapk1_mapk2
FOS	down	bZIP	Wif1	-4.22782503917539	4.22782503917539	MAPK1	p1_wnt_mapk1
FOS	up	bZIP	Abcc3	4.2933675491267	4.2933675491267	MAPK1	p5_mapk1
FOS	up	bZIP	Acsbg1	4.10924374808178	4.10924374808178	MAPK1	p5_mapk1
FOS	up	bZIP	Aqp5	4.11075433910702	4.11075433910702	MAPK1	p5_mapk1
FOS	up	bZIP	Asap1	4.2539109569438	4.2539109569438	MAPK1	p5_mapk1
FOS	up	bZIP	Capg	5.11227020271197	5.11227020271197	MAPK1	p5_mapk1
FOS	up	bZIP	Casp3	4.25703932978585	4.25703932978585	MAPK1	p5_mapk1
FOS	up	bZIP	Cfap43	4.02895620816397	4.02895620816397	MAPK1	p5_mapk1
FOS	up	bZIP	Cldn9	4.74424521335696	4.74424521335696	MAPK1	p5_mapk1
FOS	up	bZIP	Cobll1	4.39957167426787	4.39957167426787	MAPK1	p5_mapk1
FOS	up	bZIP	Cxcl3	4.16793838540927	4.16793838540927	MAPK1	p5_mapk1
FOS	up	bZIP	Cxcl5	4.04701393480294	4.04701393480294	MAPK1	p5_mapk1
FOS	up	bZIP	Dusp7	4.03786753070176	4.03786753070176	MAPK1	p5_mapk1
FOS	up	bZIP	Efs	4.771599641297	4.771599641297	MAPK1	p5_mapk1
FOS	up	bZIP	Eomes	5.28458167740494	5.28458167740494	MAPK1	p5_mapk1
FOS	up	bZIP	Eps8	4.37018280398148	4.37018280398148	MAPK1	p5_mapk1
FOS	up	bZIP	Gdpd3	4.03217132066984	4.03217132066984	MAPK1	p5_mapk1
FOS	up	bZIP	Gramd4	4.25617677839625	4.25617677839625	MAPK1	p5_mapk1
FOS	up	bZIP	Il33	4.02346661960806	4.02346661960806	MAPK1	p5_mapk1
FOS	up	bZIP	Krt78	4.82798119057544	4.82798119057544	MAPK1	p5_mapk1
FOS	up	bZIP	Krt80	4.21395878975745	4.21395878975745	MAPK1	p5_mapk1
FOS	up	bZIP	Lgals1	4.21645371772965	4.21645371772965	MAPK1	p5_mapk1
FOS	up	bZIP	Lypd2	5.94538694544311	5.94538694544311	MAPK1	p5_mapk1
FOS	up	bZIP	Me1	4.00043451177402	4.00043451177402	MAPK1	p5_mapk1
FOS	up	bZIP	Myof	4.39372614683001	4.39372614683001	MAPK1	p5_mapk1
FOS	up	bZIP	Ndrg1	4.0201330774351	4.0201330774351	MAPK1	p5_mapk1
FOS	up	bZIP	Nebl	4.0762380391713	4.0762380391713	MAPK1	p5_mapk1
FOS	up	bZIP	Osbpl3	4.65915945018767	4.65915945018767	MAPK1	p5_mapk1
FOS	up	bZIP	Padi2	4.7705741520793	4.7705741520793	MAPK1	p5_mapk1
FOS	up	bZIP	Ppbp	4.28836146176765	4.28836146176765	MAPK1	p5_mapk1
FOS	up	bZIP	Proc	4.57593547458251	4.57593547458251	MAPK1	p5_mapk1
FOS	up	bZIP	Prune2	5.53521248035406	5.53521248035406	MAPK1	p5_mapk1
FOS	up	bZIP	Ptges	4.96778429670202	4.96778429670202	MAPK1	p5_mapk1
FOS	up	bZIP	Rbp4	4.54546001503518	4.54546001503518	MAPK1	p5_mapk1
FOS	up	bZIP	Runx1	4.06238182060618	4.06238182060618	MAPK1	p5_mapk1
FOS	up	bZIP	Slc7a11	4.01515776859472	4.01515776859472	MAPK1	p5_mapk1
FOS	up	bZIP	Spns2	5.25196710586986	5.25196710586986	MAPK1	p5_mapk1
FOS	up	bZIP	Stambpl1	4.29030613027221	4.29030613027221	MAPK1	p5_mapk1
FOS	up	bZIP	Steap2	4.02654885597507	4.02654885597507	MAPK1	p5_mapk1
FOS	up	bZIP	Syngr1	4.00017375254559	4.00017375254559	MAPK1	p5_mapk1
FOS	up	bZIP	Tead4	4.07784567476894	4.07784567476894	MAPK1	p5_mapk1
FOS	up	bZIP	Tff1	4.20760831050175	4.20760831050175	MAPK1	p5_mapk1
FOS	up	bZIP	Tff2	4.42689621683601	4.42689621683601	MAPK1	p5_mapk1
FOS	up	bZIP	Tnfaip2	4.0993052255476	4.0993052255476	MAPK1	p5_mapk1
FOS	up	bZIP	Tnfrsf26	4.96377045591371	4.96377045591371	MAPK1	p5_mapk1
FOS	up	bZIP	Trip6	4.30189945437661	4.30189945437661	MAPK1	p5_mapk1
FRA1	down	bZIP	Bmp7	-5.27343578383776	5.27343578383776	MAPK1	p1_wnt_mapk1_mapk2
FRA1	down	bZIP	Comp	-4.5320960534772	4.5320960534772	MAPK1	p1_mapk1_mapk2
FRA1	down	bZIP	Cxxc5	-4.27638016448454	4.27638016448454	MAPK1	p1_wnt_mapk1_mapk2
FRA1	down	bZIP	Elmo1	-4.47925452848052	4.47925452848052	MAPK1	p1_wnt_mapk1_mapk2
FRA1	down	bZIP	Fbln1	-4.06078036414518	4.06078036414518	MAPK1	p1_wnt_mapk1_mapk2
FRA1	down	bZIP	Gabrp	-7.14266750356873	7.14266750356873	MAPK1	p1_wnt_mapk1_mapk2
FRA1	down	bZIP	Klk7	-4.90413354652146	4.90413354652146	MAPK1	p1_wnt_mapk1_mapk2
FRA1	down	bZIP	Klk8	-5.11582793047609	5.11582793047609	MAPK1	p1_wnt_mapk1_mapk2
FRA1	down	bZIP	Limch1	-5.1137913758325	5.1137913758325	MAPK1	p1_wnt_mapk1_mapk2
FRA1	down	bZIP	Nkd1	-5.86966623150499	5.86966623150499	MAPK1	p1_wnt_mapk1_mapk2
FRA1	down	bZIP	Osr2	-4.59859945921846	4.59859945921846	MAPK1	p1_wnt_mapk1_mapk2
FRA1	down	bZIP	Otop1	-4.25900606841511	4.25900606841511	MAPK1	p1_only_mapk1
FRA1	down	bZIP	Pla2g7	-4.88306035344924	4.88306035344924	MAPK1	p1_wnt_mapk1
FRA1	down	bZIP	Ramp3	-4.36181035980916	4.36181035980916	MAPK1	p1_wnt_mapk1_mapk2
FRA1	down	bZIP	Slc14a1	-4.03957679292217	4.03957679292217	MAPK1	p1_only_mapk1
FRA1	down	bZIP	Smad1	-4.31291715539563	4.31291715539563	MAPK1	p1_wnt_mapk1_mapk2
FRA1	down	bZIP	Smoc2	-4.72607321989947	4.72607321989947	MAPK1	p1_wnt_mapk1_mapk2
FRA1	down	bZIP	Tff3	-4.24131515011756	4.24131515011756	MAPK1	p1_wnt_mapk1_mapk2
FRA1	up	bZIP	Abcc3	4.07283502570063	4.07283502570063	MAPK1	p5_mapk1
FRA1	up	bZIP	Acsbg1	4.0958797865238	4.0958797865238	MAPK1	p5_mapk1
FRA1	up	bZIP	Aqp5	4.10237290870956	4.10237290870956	MAPK1	p5_mapk1
FRA1	up	bZIP	Asap1	4.40904676481201	4.40904676481201	MAPK1	p5_mapk1
FRA1	up	bZIP	Capg	4.41330019837595	4.41330019837595	MAPK1	p5_mapk1
FRA1	up	bZIP	Casp3	4.45222529461218	4.45222529461218	MAPK1	p5_mapk1
FRA1	up	bZIP	Cldn9	5.08008551934057	5.08008551934057	MAPK1	p5_mapk1
FRA1	up	bZIP	Cobll1	4.36855623098683	4.36855623098683	MAPK1	p5_mapk1
FRA1	up	bZIP	Def6	4.07227044022835	4.07227044022835	MAPK1	p5_mapk1
FRA1	up	bZIP	Efs	4.77728352885242	4.77728352885242	MAPK1	p5_mapk1
FRA1	up	bZIP	Eomes	5.2906452241656	5.2906452241656	MAPK1	p5_mapk1
FRA1	up	bZIP	Eps8	4.31695296176115	4.31695296176115	MAPK1	p5_mapk1
FRA1	up	bZIP	Gdpd3	4.04153168163306	4.04153168163306	MAPK1	p5_mapk1
FRA1	up	bZIP	Gramd4	4.002002363592	4.002002363592	MAPK1	p5_mapk1
FRA1	up	bZIP	Krt14	4.10657115822046	4.10657115822046	MAPK1	p5_mapk1
FRA1	up	bZIP	Krt18	4.66114525374768	4.66114525374768	MAPK1	p5_mapk1
FRA1	up	bZIP	Krt4	4.08634506491338	4.08634506491338	MAPK1	p5_mapk1
FRA1	up	bZIP	Krt78	5.55160289654223	5.55160289654223	MAPK1	p5_mapk1
FRA1	up	bZIP	Krt80	4.56960240861303	4.56960240861303	MAPK1	p5_mapk1
FRA1	up	bZIP	Lgals1	4.183957659078	4.183957659078	MAPK1	p5_mapk1
FRA1	up	bZIP	Lypd2	6.24641694110709	6.24641694110709	MAPK1	p5_mapk1
FRA1	up	bZIP	Me1	4.00753485219196	4.00753485219196	MAPK1	p5_mapk1
FRA1	up	bZIP	Myof	4.42090267344736	4.42090267344736	MAPK1	p5_mapk1
FRA1	up	bZIP	Ndrg1	4.02433846681894	4.02433846681894	MAPK1	p5_mapk1
FRA1	up	bZIP	Osbpl3	4.0306772938878	4.0306772938878	MAPK1	p5_mapk1
FRA1	up	bZIP	Padi2	4.77989191195995	4.77989191195995	MAPK1	p5_mapk1
FRA1	up	bZIP	Proc	4.57888987020657	4.57888987020657	MAPK1	p5_mapk1
FRA1	up	bZIP	Procr	4.20634928229283	4.20634928229283	MAPK1	p5_mapk1
FRA1	up	bZIP	Prune2	5.08291480935943	5.08291480935943	MAPK1	p5_mapk1
FRA1	up	bZIP	Ptges	5.22621355501881	5.22621355501881	MAPK1	p5_mapk1
FRA1	up	bZIP	Rbp4	4.81417464038704	4.81417464038704	MAPK1	p5_mapk1
FRA1	up	bZIP	Scara5	4.04229695845117	4.04229695845117	MAPK1	p5_mapk1
FRA1	up	bZIP	Slc7a11	4.01818139282934	4.01818139282934	MAPK1	p5_mapk1
FRA1	up	bZIP	Slurp1	4.20802879897923	4.20802879897923	MAPK1	p5_mapk1
FRA1	up	bZIP	Soat1	4.2034950484467	4.2034950484467	MAPK1	p5_mapk1
FRA1	up	bZIP	Spns2	4.07587584681418	4.07587584681418	MAPK1	p5_mapk1
FRA1	up	bZIP	Steap2	4.42124621557357	4.42124621557357	MAPK1	p5_mapk1
FRA1	up	bZIP	Syngr1	4.55940573816017	4.55940573816017	MAPK1	p5_mapk1
FRA1	up	bZIP	Tff1	4.17730898922395	4.17730898922395	MAPK1	p5_mapk1
FRA1	up	bZIP	Tff2	4.42308304403479	4.42308304403479	MAPK1	p5_mapk1
FRA1	up	bZIP	Tnfaip2	4.09539263618455	4.09539263618455	MAPK1	p5_mapk1
FRA1	up	bZIP	Tnfrsf26	4.95233580539844	4.95233580539844	MAPK1	p5_mapk1
FRA1	up	bZIP	Trip6	4.31140222491883	4.31140222491883	MAPK1	p5_mapk1
JUNB	down	bZIP	Aplp1	-4.01381070026318	4.01381070026318	MAPK1	p1_only_mapk1
JUNB	down	bZIP	Bmp7	-5.55720677406023	5.55720677406023	MAPK1	p1_wnt_mapk1_mapk2
JUNB	down	bZIP	Comp	-4.68888215733749	4.68888215733749	MAPK1	p1_mapk1_mapk2
JUNB	down	bZIP	Cxxc5	-4.36815053784018	4.36815053784018	MAPK1	p1_wnt_mapk1_mapk2
JUNB	down	bZIP	Elmo1	-4.24980027217082	4.24980027217082	MAPK1	p1_wnt_mapk1_mapk2
JUNB	down	bZIP	Fbln1	-4.46029676105217	4.46029676105217	MAPK1	p1_wnt_mapk1_mapk2
JUNB	down	bZIP	Fxyd6	-4.29260016886675	4.29260016886675	MAPK1	p1_wnt_mapk1
JUNB	down	bZIP	Gabrp	-6.96657624451305	6.96657624451305	MAPK1	p1_wnt_mapk1_mapk2
JUNB	down	bZIP	Igfbp1	-4.2673650324608	4.2673650324608	MAPK1	p1_wnt_mapk1_mapk2
JUNB	down	bZIP	Klk7	-5.16551571466519	5.16551571466519	MAPK1	p1_wnt_mapk1_mapk2
JUNB	down	bZIP	Klk8	-5.22228326139037	5.22228326139037	MAPK1	p1_wnt_mapk1_mapk2
JUNB	down	bZIP	Limch1	-5.39254497678533	5.39254497678533	MAPK1	p1_wnt_mapk1_mapk2
JUNB	down	bZIP	Mfap3l	-4.03867384406529	4.03867384406529	MAPK1	p1_only_mapk1
JUNB	down	bZIP	Nkd1	-5.61118858652648	5.61118858652648	MAPK1	p1_wnt_mapk1_mapk2
JUNB	down	bZIP	Osr2	-4.75795576063045	4.75795576063045	MAPK1	p1_wnt_mapk1_mapk2
JUNB	down	bZIP	Pla2g7	-5.18422307970164	5.18422307970164	MAPK1	p1_wnt_mapk1
JUNB	down	bZIP	Ramp3	-4.26312563835158	4.26312563835158	MAPK1	p1_wnt_mapk1_mapk2
JUNB	down	bZIP	Sgsm1	-4.03677901347701	4.03677901347701	MAPK1	p1_only_mapk1
JUNB	down	bZIP	Smad1	-4.03715731879876	4.03715731879876	MAPK1	p1_wnt_mapk1_mapk2
JUNB	down	bZIP	Smo	-4.20314825095011	4.20314825095011	MAPK1	p1_wnt_mapk1
JUNB	down	bZIP	Smoc2	-4.54668165995296	4.54668165995296	MAPK1	p1_wnt_mapk1_mapk2
JUNB	down	bZIP	Tff3	-4.06148027482351	4.06148027482351	MAPK1	p1_wnt_mapk1_mapk2
JUNB	down	bZIP	Wfdc18	-4.5679933127304	4.5679933127304	MAPK1	p1_wnt_mapk1_mapk2
JUNB	up	bZIP	Acsbg1	4.07530729697981	4.07530729697981	MAPK1	p5_mapk1
JUNB	up	bZIP	Asap1	4.4415314374762	4.4415314374762	MAPK1	p5_mapk1
JUNB	up	bZIP	Capg	4.44321521769297	4.44321521769297	MAPK1	p5_mapk1
JUNB	up	bZIP	Casp3	4.44069198909299	4.44069198909299	MAPK1	p5_mapk1
JUNB	up	bZIP	Cldn9	4.68214551066853	4.68214551066853	MAPK1	p5_mapk1
JUNB	up	bZIP	Cobll1	4.33264045381691	4.33264045381691	MAPK1	p5_mapk1
JUNB	up	bZIP	Def6	4.04474531717982	4.04474531717982	MAPK1	p5_mapk1
JUNB	up	bZIP	Dusp7	4.05100054597305	4.05100054597305	MAPK1	p5_mapk1
JUNB	up	bZIP	Efs	4.7535014192042	4.7535014192042	MAPK1	p5_mapk1
JUNB	up	bZIP	Eomes	5.27638016448454	5.27638016448454	MAPK1	p5_mapk1
JUNB	up	bZIP	Epha2	4.06930561233546	4.06930561233546	MAPK1	p5_mapk1
JUNB	up	bZIP	Eps8	4.07867775641618	4.07867775641618	MAPK1	p5_mapk1
JUNB	up	bZIP	Gdpd3	4.03588185684851	4.03588185684851	MAPK1	p5_mapk1
JUNB	up	bZIP	Gramd4	4.40826776104816	4.40826776104816	MAPK1	p5_mapk1
JUNB	up	bZIP	Krt18	4.36021478701318	4.36021478701318	MAPK1	p5_mapk1
JUNB	up	bZIP	Krt4	4.31238187042823	4.31238187042823	MAPK1	p5_mapk1
JUNB	up	bZIP	Krt78	5.70136521687556	5.70136521687556	MAPK1	p5_mapk1
JUNB	up	bZIP	Krt79	4.15051916275601	4.15051916275601	MAPK1	p5_mapk1
JUNB	up	bZIP	Krt80	4.44213203843198	4.44213203843198	MAPK1	p5_mapk1
JUNB	up	bZIP	Lgals1	4.1137913758325	4.1137913758325	MAPK1	p5_mapk1
JUNB	up	bZIP	Lypd2	6.05453141486818	6.05453141486818	MAPK1	p5_mapk1
JUNB	up	bZIP	Myof	4.44977164694491	4.44977164694491	MAPK1	p5_mapk1
JUNB	up	bZIP	Ndrg1	4.1920592787845	4.1920592787845	MAPK1	p5_mapk1
JUNB	up	bZIP	Osbpl3	4.08507535179485	4.08507535179485	MAPK1	p5_mapk1
JUNB	up	bZIP	Padi2	4.77443228656053	4.77443228656053	MAPK1	p5_mapk1
JUNB	up	bZIP	Proc	4.56431486205837	4.56431486205837	MAPK1	p5_mapk1
JUNB	up	bZIP	Procr	4.19118157490788	4.19118157490788	MAPK1	p5_mapk1
JUNB	up	bZIP	Prune2	5.47873112440162	5.47873112440162	MAPK1	p5_mapk1
JUNB	up	bZIP	Ptges	5.19388788983091	5.19388788983091	MAPK1	p5_mapk1
JUNB	up	bZIP	Rbp4	4.79669508386152	4.79669508386152	MAPK1	p5_mapk1
JUNB	up	bZIP	Slc7a11	4.00187149287173	4.00187149287173	MAPK1	p5_mapk1
JUNB	up	bZIP	Spns2	4.77494930386195	4.77494930386195	MAPK1	p5_mapk1
JUNB	up	bZIP	Stambpl1	4.24519314464558	4.24519314464558	MAPK1	p5_mapk1
JUNB	up	bZIP	Steap2	4.52360317327467	4.52360317327467	MAPK1	p5_mapk1
JUNB	up	bZIP	Syngr1	4.34862505608696	4.34862505608696	MAPK1	p5_mapk1
JUNB	up	bZIP	Tead4	4.02113501565234	4.02113501565234	MAPK1	p5_mapk1
JUNB	up	bZIP	Tff1	4.14442027749828	4.14442027749828	MAPK1	p5_mapk1
JUNB	up	bZIP	Tff2	4.38912699961995	4.38912699961995	MAPK1	p5_mapk1
JUNB	up	bZIP	Tnfaip2	4.0492458184065	4.0492458184065	MAPK1	p5_mapk1
JUNB	up	bZIP	Tnfrsf26	4.92263209471584	4.92263209471584	MAPK1	p5_mapk1
JUNB	up	bZIP	Trip6	4.2611401979278	4.2611401979278	MAPK1	p5_mapk1
LEF1	down	HMG	Bmp7	-5.8639139026159	5.8639139026159	WNT	p1_wnt_mapk1_mapk2
LEF1	down	HMG	Cxxc5	-4.46508589557013	4.46508589557013	WNT	p1_wnt_mapk1_mapk2
LEF1	down	HMG	Elmo1	-4.78462684721658	4.78462684721658	WNT	p1_wnt_mapk1_mapk2
LEF1	down	HMG	Fbln1	-4.81163407393685	4.81163407393685	WNT	p1_wnt_mapk1_mapk2
LEF1	down	HMG	Fxyd6	-4.20915209603457	4.20915209603457	WNT	p1_wnt_mapk1
LEF1	down	HMG	Gabrp	-5.64435694977913	5.64435694977913	WNT	p1_wnt_mapk1_mapk2
LEF1	down	HMG	Limch1	-4.48945498979339	4.48945498979339	WNT	p1_wnt_mapk1_mapk2
LEF1	down	HMG	Nkd1	-5.46941614035488	5.46941614035488	WNT	p1_wnt_mapk1_mapk2
LEF1	down	HMG	Osr2	-4.11125903931711	4.11125903931711	WNT	p1_wnt_mapk1_mapk2
LEF1	down	HMG	Pla2g7	-4.0081539463551	4.0081539463551	WNT	p1_wnt_mapk1
LEF1	down	HMG	Ramp3	-4.53985418250825	4.53985418250825	WNT	p1_wnt_mapk1_mapk2
LEF1	down	HMG	Rtn4rl1	-4.07867775641618	4.07867775641618	WNT	p1_wnt_mapk2
LEF1	down	HMG	Smad1	-4.19832194096411	4.19832194096411	WNT	p1_wnt_mapk1_mapk2
LEF1	down	HMG	Smo	-4.1683861446909	4.1683861446909	WNT	p1_wnt_mapk1
LEF1	down	HMG	Smoc2	-4.89109687233269	4.89109687233269	WNT	p1_wnt_mapk1_mapk2
LEF1	down	HMG	Tff3	-4.05878681241468	4.05878681241468	WNT	p1_wnt_mapk1_mapk2
LEF1	down	HMG	Trim62	-4.05232126006306	4.05232126006306	WNT	p1_wnt_mapk1_mapk2
LEF1	down	HMG	Wfdc18	-4.5392524581558	4.5392524581558	WNT	p1_wnt_mapk1_mapk2
LEF1	down	HMG	Wif1	-4.46967221022191	4.46967221022191	WNT	p1_wnt_mapk1
TCFL2	down	HMG	Bmp7	-5.16039627052916	5.16039627052916	WNT	p1_wnt_mapk1_mapk2
TCFL2	down	HMG	Limch1	-5.27860162447849	5.27860162447849	WNT	p1_wnt_mapk1_mapk2
TCFL2	down	HMG	Nkd1	-5.62251161662387	5.62251161662387	WNT	p1_wnt_mapk1_mapk2
TCFL2	down	HMG	Sp9	-4.25861200752073	4.25861200752073	WNT	p1_only_wnt
TCFL2	down	HMG	Wif1	-4.8639139026159	4.8639139026159	WNT	p1_wnt_mapk1
TCFL2	down	HMG	Wnt6	-4.14496568332412	4.14496568332412	WNT	p1_wnt_mapk2
TCF3	down	HMG	Bmp7	-5.16039627052916	5.16039627052916	WNT	p1_wnt_mapk1_mapk2
TCF3	down	HMG	Cxxc5	-4.85823676972421	4.85823676972421	WNT	p1_wnt_mapk1_mapk2
TCF3	down	HMG	Elmo1	-4.88041422503822	4.88041422503822	WNT	p1_wnt_mapk1_mapk2
TCF3	down	HMG	Gabrp	-5.89962945488244	5.89962945488244	WNT	p1_wnt_mapk1_mapk2
TCF3	down	HMG	Igfbp1	-4.42875714943978	4.42875714943978	WNT	p1_wnt_mapk1_mapk2
TCF3	down	HMG	Klk7	-4.04436034697675	4.04436034697675	WNT	p1_wnt_mapk1_mapk2
TCF3	down	HMG	Klk8	-4.22716507276098	4.22716507276098	WNT	p1_wnt_mapk1_mapk2
TCF3	down	HMG	Limch1	-4.66837028237007	4.66837028237007	WNT	p1_wnt_mapk1_mapk2
TCF3	down	HMG	March10	-4.12027350336042	4.12027350336042	WNT	p1_wnt_mapk1_mapk2
TCF3	down	HMG	Nkd1	-5.66015121696236	5.66015121696236	WNT	p1_wnt_mapk1_mapk2
TCF3	down	HMG	Ramp3	-4.82419836715172	4.82419836715172	WNT	p1_wnt_mapk1_mapk2
TCF3	down	HMG	Rtn4rl1	-4.301464507438	4.301464507438	WNT	p1_wnt_mapk2
TCF3	down	HMG	Smad1	-4.36351210364663	4.36351210364663	WNT	p1_wnt_mapk1_mapk2
TCF3	down	HMG	Smo	-4.41896105122783	4.41896105122783	WNT	p1_wnt_mapk1
TCF3	down	HMG	Smoc2	-4.45469288353418	4.45469288353418	WNT	p1_wnt_mapk1_mapk2
TCF3	down	HMG	Wif1	-4.63339028960757	4.63339028960757	WNT	p1_wnt_mapk1
TCF7	down	HMG	Apcdd1	-4.1920592787845	4.1920592787845	WNT	p1_wnt_mapk2
TCF7	down	HMG	Bmp7	-6.66554624884907	6.66554624884907	WNT	p1_wnt_mapk1_mapk2
TCF7	down	HMG	Cxxc5	-4.79236563261104	4.79236563261104	WNT	p1_wnt_mapk1_mapk2
TCF7	down	HMG	Elmo1	-4.12355121312166	4.12355121312166	WNT	p1_wnt_mapk1_mapk2
TCF7	down	HMG	Gabrp	-5.90587840415944	5.90587840415944	WNT	p1_wnt_mapk1_mapk2
TCF7	down	HMG	Hs3st3b1	-4.61118858652648	4.61118858652648	WNT	p1_wnt_mapk1_mapk2
TCF7	down	HMG	Igfbp1	-4.47456644657118	4.47456644657118	WNT	p1_wnt_mapk1_mapk2
TCF7	down	HMG	Klk7	-4.02617967564732	4.02617967564732	WNT	p1_wnt_mapk1_mapk2
TCF7	down	HMG	Klk8	-4.21989880853209	4.21989880853209	WNT	p1_wnt_mapk1_mapk2
TCF7	down	HMG	Limch1	-4.83624247601804	4.83624247601804	WNT	p1_wnt_mapk1_mapk2
TCF7	down	HMG	Nkd1	-5.44261311794049	5.44261311794049	WNT	p1_wnt_mapk1_mapk2
TCF7	down	HMG	Osr2	-4.26905630657226	4.26905630657226	WNT	p1_wnt_mapk1_mapk2
TCF7	down	HMG	Otud1	-4.14539036190421	4.14539036190421	WNT	p1_wnt_mapk1_mapk2
TCF7	down	HMG	Smad1	-4.47886191629596	4.47886191629596	WNT	p1_wnt_mapk1_mapk2
TCF7	down	HMG	Smoc2	-4.43640027111847	4.43640027111847	WNT	p1_wnt_mapk1_mapk2
TCF7	down	HMG	Wif1	-4.61510920346945	4.61510920346945	WNT	p1_wnt_mapk1
