ID	set	stat	type	dir	motif_cat
Wfdc18	p1_wnt_mapk1_mapk2	-34.5108059827773	target	none	none
Smo	p1_wnt_mapk1	-25.3706626862764	target	none	none
Def6	p5_mapk1	12.8063242927716	target	none	none
Ndrg1	p5_mapk1	11.4947908298281	target	none	none
Fbln1	p1_wnt_mapk1_mapk2	-21.944414451731	target	none	none
Epha2	p5_mapk1	4.94405337376786	target	none	none
Aplp1	p1_only_mapk1	-19.0821759783225	target	none	none
Bmp7	p1_wnt_mapk1_mapk2	-49.259340586564	target	none	none
Adssl1	p5_mapk1	3.97193163857675	target	none	none
Actn1	p5_mapk1	2.43787298869225	target	none	none
Steap2	p5_mapk1	11.9183789823619	target	none	none
Eps8	p5_mapk1	4.25217105453206	target	none	none
Pacsin2	p5_mapk1	4.8627436248076	target	none	none
Krt27	p5_mapk1	26.8696751461996	target	none	none
Csf2	p5_mapk1	21.0350208347452	target	none	none
Gabrp	p1_wnt_mapk1_mapk2	-53.4172634758297	target	none	none
Wif1	p1_wnt_mapk1	-37.592868941196	target	none	none
Igfbp1	p1_wnt_mapk1_mapk2	-33.5611666999933	target	none	none
Guk1	p1_only_mapk2	-6.36371532982791	target	none	none
Abcc3	p5_mapk1	12.650408687831	target	none	none
Tnfaip2	p5_mapk1	13.6664598757986	target	none	none
Scara5	p5_mapk1	21.8140950535754	target	none	none
Efs	p5_mapk1	38.6317461765963	target	none	none
Osr2	p1_wnt_mapk1_mapk2	-28.8139166203191	target	none	none
Asap1	p5_mapk1	12.5667859018503	target	none	none
Syngr1	p5_mapk1	6.11746136145333	target	none	none
Lypd2	p5_mapk1	30.1661860772696	target	none	none
Slurp1	p5_mapk1	15.5343000994965	target	none	none
Runx1	p5_mapk1	3.97692912824125	target	none	none
Krt7	p5_mapk1	5.13121627961383	target	none	none
Krt18	p5_mapk1	2.84945252218576	target	none	none
Trip6	p5_mapk1	38.6576327675142	target	none	none
Smoc2	p1_wnt_mapk1_mapk2	-34.6673642906832	target	none	none
Pla2g7	p1_wnt_mapk1	-23.3033423559007	target	none	none
Tff2	p5_mapk1	27.6690465967723	target	none	none
Tff3	p1_wnt_mapk1_mapk2	-14.971990276967	target	none	none
Tff1	p5_mapk1	36.7758103611925	target	none	none
Proc	p5_mapk1	22.9792530896249	target	none	none
Fads3	p5_mapk1	12.1938997648308	target	none	none
Stambpl1	p5_mapk1	9.0313629347976	target	none	none
Il33	p5_mapk1	9.12438240031019	target	none	none
Acsl5	p5_mapk1	7.35964511952499	target	none	none
Rbp4	p5_mapk1	20.3044311144211	target	none	none
Soat1	p5_mapk1	9.60458043122934	target	none	none
Procr	p5_mapk1	11.8235618214504	target	none	none
Slc7a11	p5_mapk1	17.8213512565653	target	none	none
Padi2	p5_mapk1	35.9187417800719	target	none	none
Cxcl5	p5_mapk1	13.855325180833	target	none	none
Ppbp	p5_mapk1	22.7495138485602	target	none	none
Cxcl3	p5_mapk1	21.3032379822665	target	none	none
Osbpl3	p5_mapk1	5.01781833046256	target	none	none
Svopl	p1_only_mapk2	-19.8651658106107	target	none	none
Hpgds	p1_mapk1_mapk2	-31.5150596596219	target	none	none
Emp1	p5_mapk1	9.71859396251838	target	none	none
Tead4	p5_mapk1	11.3394592580694	target	none	none
Gdpd3	p5_mapk1	17.2880826536338	target	none	none
Klk7	p1_wnt_mapk1_mapk2	-24.6336879034502	target	none	none
Casp3	p5_mapk1	9.17931508946775	target	none	none
Mfap3l	p1_only_mapk1	-19.8661168187517	target	none	none
Nkd1	p1_wnt_mapk1_mapk2	-57.5541279920657	target	none	none
Smad1	p1_wnt_mapk1_mapk2	-19.7191451179952	target	none	none
Comp	p1_mapk1_mapk2	-38.977884021503	target	none	none
Acsbg1	p5_mapk1	12.694595529216	target	none	none
Me1	p5_mapk1	14.0237329731595	target	none	none
Eomes	p5_mapk1	39.5962100768351	target	none	none
Wnt6	p1_wnt_mapk2	-24.5227519426566	target	none	none
Dbn1	p1_only_mapk1	-30.085469702969	target	none	none
Cobll1	p5_mapk1	11.3299528339361	target	none	none
Gramd4	p5_mapk1	9.2648578234176	target	none	none
Krt80	p5_mapk1	11.8619734812629	target	none	none
Limch1	p1_wnt_mapk1_mapk2	-29.2096003974458	target	none	none
Prune2	p5_mapk1	29.1829906623221	target	none	none
Spns2	p5_mapk1	4.51363975937071	target	none	none
Sh3kbp1	p5_mapk1	6.50132251237267	target	none	none
Trim62	p1_wnt_mapk1_mapk2	-23.3483547795663	target	none	none
Ramp3	p1_wnt_mapk1_mapk2	-41.5651418258569	target	none	none
Elmo1	p1_wnt_mapk1_mapk2	-24.7998327876505	target	none	none
Sgsm1	p1_only_mapk1	-19.6052326191455	target	none	none
Pglyrp4	p1_mapk1_mapk2	-40.6232424684193	target	none	none
Otud1	p1_wnt_mapk1_mapk2	-24.6906020265014	target	none	none
Aqp5	p5_mapk1	11.6911752537618	target	none	none
Cfap43	p5_mapk1	13.6537410594375	target	none	none
Rtn4rl1	p1_wnt_mapk2	-26.325038119547	target	none	none
Tnfrsf26	p5_mapk1	29.8767338391776	target	none	none
Krt14	p5_mapk1	4.24583480411276	target	none	none
Cxxc5	p1_wnt_mapk1_mapk2	-20.5494439222036	target	none	none
Bst2	p1_only_mapk2	-14.1385988049308	target	none	none
Myof	p5_mapk1	12.2433838050779	target	none	none
Krt78	p5_mapk1	25.172741975176	target	none	none
Ptges	p5_mapk1	37.9692577311816	target	none	none
Otop1	p1_only_mapk1	-18.5241148651272	target	none	none
Nebl	p5_mapk1	13.5698896570313	target	none	none
Dusp7	p5_mapk1	8.0043853833745	target	none	none
Capg	p5_mapk1	7.57879686620048	target	none	none
Slc14a1	p1_only_mapk1	-28.5915660250011	target	none	none
Mamld1	p1_only_mapk1	-24.1288033816069	target	none	none
Krt4	p5_mapk1	13.7807143765293	target	none	none
Krt79	p5_mapk1	7.0832953487321	target	none	none
Glrp1	p5_mapk1	7.48583084982423	target	none	none
Klk8	p1_wnt_mapk1_mapk2	-62.1242927373144	target	none	none
Fxyd6	p1_wnt_mapk1	-32.8113130423248	target	none	none
Cldn9	p5_mapk1	24.3416926635802	target	none	none
Lgals1	p5_mapk1	11.6740749539172	target	none	none
Sp9	p1_only_wnt	-9.01874361675501	target	none	none
Hs3st3b1	p1_wnt_mapk1_mapk2	-29.0382556112222	target	none	none
Apcdd1	p1_wnt_mapk2	-20.9122527259926	target	none	none
March10	p1_wnt_mapk1_mapk2	-11.1737614651174	target	none	none
AP-1	motif	0	motif	both	bZIP
ATF1	motif	0	motif	down	bZIP
ATF2	motif	0	motif	down	bZIP
ATF3	motif	0	motif	both	bZIP
ATF7	motif	0	motif	down	bZIP
BATF	motif	0	motif	both	bZIP
BACH2	motif	0	motif	up	bZIP
CREB5	motif	0	motif	down	bZIP
FOS	motif	0	motif	both	bZIP
FRA1	motif	0	motif	both	bZIP
JUNB	motif	0	motif	both	bZIP
LEF1	motif	0	motif	down	HMG
TCFL2	motif	0	motif	down	HMG
TCF3	motif	0	motif	down	HMG
TCF7	motif	0	motif	down	HMG
