GeneSymbol	set	motif_dir	class	edge_v	abs_edge_v
Abcc3	p5_mapk1	up	MAPK1	4.24636829178179	4.24636829178179
Acsbg1	p5_mapk1	up	MAPK1	4.14238825871208	4.14238825871208
Acsl5	p5_mapk1	up	MAPK1	4.22244634607018	4.22244634607018
Actn1	p5_mapk1	up	MAPK1	4.30224772583225	4.30224772583225
Adssl1	p5_mapk1	up	MAPK1	4.39624007910716	4.39624007910716
Apcdd1	p1_wnt_mapk2	down	MAPK2	-4.26792951647103	4.26792951647103
Apcdd1	p1_wnt_mapk2	down	WNT	-4.1920592787845	4.1920592787845
Aplp1	p1_only_mapk1	down	MAPK1	-4.01381070026318	4.01381070026318
Aqp5	p5_mapk1	up	MAPK1	4.05831600021788	4.05831600021788
Asap1	p5_mapk1	up	MAPK1	4.38652380336504	4.38652380336504
Bmp7	p1_wnt_mapk1_mapk2	down	MAPK1	-5.25593583884246	5.25593583884246
Bmp7	p1_wnt_mapk1_mapk2	down	MAPK2	-5.1801129976776	5.1801129976776
Bmp7	p1_wnt_mapk1_mapk2	down	WNT	-5.71256317313082	5.71256317313082
Bst2	p1_only_mapk2	down	MAPK2	-4.03334211579824	4.03334211579824
Capg	p5_mapk1	up	MAPK1	4.57388232934625	4.57388232934625
Casp3	p5_mapk1	up	MAPK1	4.39527426480142	4.39527426480142
Cfap43	p5_mapk1	up	MAPK1	4.02895620816397	4.02895620816397
Cldn9	p5_mapk1	up	MAPK1	4.82641174680614	4.82641174680614
Cobll1	p5_mapk1	up	MAPK1	4.37308732693858	4.37308732693858
Comp	p1_mapk1_mapk2	down	MAPK1	-4.46498106748618	4.46498106748618
Comp	p1_mapk1_mapk2	down	MAPK2	-4.24161805822532	4.24161805822532
Csf2	p5_mapk1	up	MAPK1	4.10924374808178	4.10924374808178
Cxcl3	p5_mapk1	up	MAPK1	4.1635400567505	4.1635400567505
Cxcl5	p5_mapk1	up	MAPK1	4.04701393480294	4.04701393480294
Cxxc5	p1_wnt_mapk1_mapk2	down	MAPK1	-4.19784021690045	4.19784021690045
Cxxc5	p1_wnt_mapk1_mapk2	down	MAPK2	-4.07103746603137	4.07103746603137
Cxxc5	p1_wnt_mapk1_mapk2	down	WNT	-4.70522943263513	4.70522943263513
Dbn1	p1_only_mapk1	down	MAPK1	-4.51243743974362	4.51243743974362
Def6	p5_mapk1	up	MAPK1	4.04705209165186	4.04705209165186
Dusp7	p5_mapk1	up	MAPK1	4.20773604309277	4.20773604309277
Efs	p5_mapk1	up	MAPK1	4.77298150401645	4.77298150401645
Elmo1	p1_wnt_mapk1_mapk2	down	MAPK1	-4.44467205292197	4.44467205292197
Elmo1	p1_wnt_mapk1_mapk2	down	MAPK2	-4.28547958040274	4.28547958040274
Elmo1	p1_wnt_mapk1_mapk2	down	WNT	-4.59619742845882	4.59619742845882
Emp1	p5_mapk1	up	MAPK1	4.34332695411515	4.34332695411515
Eomes	p5_mapk1	up	MAPK1	5.29950557011046	5.29950557011046
Epha2	p5_mapk1	up	MAPK1	4.48615635957247	4.48615635957247
Eps8	p5_mapk1	up	MAPK1	4.32487653207331	4.32487653207331
Fads3	p5_mapk1	up	MAPK1	4.08905559425002	4.08905559425002
Fbln1	p1_wnt_mapk1_mapk2	down	MAPK1	-4.16344034689593	4.16344034689593
Fbln1	p1_wnt_mapk1_mapk2	down	MAPK2	-4.31951476529405	4.31951476529405
Fbln1	p1_wnt_mapk1_mapk2	down	WNT	-4.81163407393685	4.81163407393685
Fxyd6	p1_wnt_mapk1	down	MAPK1	-4.49811489479482	4.49811489479482
Fxyd6	p1_wnt_mapk1	down	WNT	-4.20915209603457	4.20915209603457
Gabrp	p1_wnt_mapk1_mapk2	down	MAPK1	-6.60550171626969	6.60550171626969
Gabrp	p1_wnt_mapk1_mapk2	down	MAPK2	-6.09278950144239	6.09278950144239
Gabrp	p1_wnt_mapk1_mapk2	down	WNT	-5.81662160294034	5.81662160294034
Gdpd3	p5_mapk1	up	MAPK1	4.07226265648062	4.07226265648062
Glrp1	p5_mapk1	up	MAPK1	4.15101079374883	4.15101079374883
Gramd4	p5_mapk1	up	MAPK1	4.24116418290811	4.24116418290811
Guk1	p1_only_mapk2	down	MAPK2	-4.0492458184065	4.0492458184065
Hpgds	p1_mapk1_mapk2	down	MAPK1	-4.05478378119218	4.05478378119218
Hpgds	p1_mapk1_mapk2	down	MAPK2	-4.3904669772368	4.3904669772368
Hs3st3b1	p1_wnt_mapk1_mapk2	down	MAPK1	-4.03040097226569	4.03040097226569
Hs3st3b1	p1_wnt_mapk1_mapk2	down	MAPK2	-4.23957751657679	4.23957751657679
Hs3st3b1	p1_wnt_mapk1_mapk2	down	WNT	-4.61118858652648	4.61118858652648
Igfbp1	p1_wnt_mapk1_mapk2	down	MAPK1	-4.15889576449318	4.15889576449318
Igfbp1	p1_wnt_mapk1_mapk2	down	MAPK2	-4.44922032221946	4.44922032221946
Igfbp1	p1_wnt_mapk1_mapk2	down	WNT	-4.45166179800548	4.45166179800548
Il33	p5_mapk1	up	MAPK1	4.12025136932537	4.12025136932537
Klk7	p1_wnt_mapk1_mapk2	down	MAPK1	-5.34596304994539	5.34596304994539
Klk7	p1_wnt_mapk1_mapk2	down	MAPK2	-5.68634055570975	5.68634055570975
Klk7	p1_wnt_mapk1_mapk2	down	WNT	-4.03527001131203	4.03527001131203
Klk8	p1_wnt_mapk1_mapk2	down	MAPK1	-5.50179841994972	5.50179841994972
Klk8	p1_wnt_mapk1_mapk2	down	MAPK2	-4.77344446249468	4.77344446249468
Klk8	p1_wnt_mapk1_mapk2	down	WNT	-4.22353194064653	4.22353194064653
Krt14	p5_mapk1	up	MAPK1	4.10657115822046	4.10657115822046
Krt18	p5_mapk1	up	MAPK1	4.54192299987731	4.54192299987731
Krt27	p5_mapk1	up	MAPK1	4.09296504751658	4.09296504751658
Krt4	p5_mapk1	up	MAPK1	4.26187029239217	4.26187029239217
Krt7	p5_mapk1	up	MAPK1	4.16431697655607	4.16431697655607
Krt78	p5_mapk1	up	MAPK1	5.51190628937412	5.51190628937412
Krt79	p5_mapk1	up	MAPK1	4.19955685742184	4.19955685742184
Krt80	p5_mapk1	up	MAPK1	4.46196128782365	4.46196128782365
Lgals1	p5_mapk1	up	MAPK1	4.14550848566969	4.14550848566969
Limch1	p1_wnt_mapk1_mapk2	down	MAPK1	-5.20531914002213	5.20531914002213
Limch1	p1_wnt_mapk1_mapk2	down	MAPK2	-4.82208739531069	4.82208739531069
Limch1	p1_wnt_mapk1_mapk2	down	WNT	-4.818167343165	4.818167343165
Lypd2	p5_mapk1	up	MAPK1	5.99317371273791	5.99317371273791
Mamld1	p1_only_mapk1	down	MAPK1	-4.13924287691846	4.13924287691846
March10	p1_wnt_mapk1_mapk2	down	MAPK1	-4.26728085522587	4.26728085522587
March10	p1_wnt_mapk1_mapk2	down	MAPK2	-4.23237939275553	4.23237939275553
March10	p1_wnt_mapk1_mapk2	down	WNT	-4.12027350336042	4.12027350336042
Me1	p5_mapk1	up	MAPK1	4.11474973322489	4.11474973322489
Mfap3l	p1_only_mapk1	down	MAPK1	-4.03867384406529	4.03867384406529
Myof	p5_mapk1	up	MAPK1	4.43214620612025	4.43214620612025
Ndrg1	p5_mapk1	up	MAPK1	4.17408020030094	4.17408020030094
Nebl	p5_mapk1	up	MAPK1	4.0762380391713	4.0762380391713
Nkd1	p1_wnt_mapk1_mapk2	down	MAPK1	-5.83376786898907	5.83376786898907
Nkd1	p1_wnt_mapk1_mapk2	down	MAPK2	-5.47907104338101	5.47907104338101
Nkd1	p1_wnt_mapk1_mapk2	down	WNT	-5.5486730229704	5.5486730229704
Osbpl3	p5_mapk1	up	MAPK1	4.27045024510204	4.27045024510204
Osr2	p1_wnt_mapk1_mapk2	down	MAPK1	-4.49539335972501	4.49539335972501
Osr2	p1_wnt_mapk1_mapk2	down	MAPK2	-4.35250444071418	4.35250444071418
Osr2	p1_wnt_mapk1_mapk2	down	WNT	-4.19015767294468	4.19015767294468
Otop1	p1_only_mapk1	down	MAPK1	-4.25900606841511	4.25900606841511
Otud1	p1_wnt_mapk1_mapk2	down	MAPK1	-4.11976072390033	4.11976072390033
Otud1	p1_wnt_mapk1_mapk2	down	MAPK2	-4.24360068833839	4.24360068833839
Otud1	p1_wnt_mapk1_mapk2	down	WNT	-4.14539036190421	4.14539036190421
Pacsin2	p5_mapk1	up	MAPK1	4.05923456436878	4.05923456436878
Padi2	p5_mapk1	up	MAPK1	4.7848594618436	4.7848594618436
Pglyrp4	p1_mapk1_mapk2	down	MAPK1	-4.115148017254	4.115148017254
Pglyrp4	p1_mapk1_mapk2	down	MAPK2	-5.30212915207555	5.30212915207555
Pla2g7	p1_wnt_mapk1	down	MAPK1	-5.08383550428417	5.08383550428417
Pla2g7	p1_wnt_mapk1	down	WNT	-4.0081539463551	4.0081539463551
Ppbp	p5_mapk1	up	MAPK1	4.28836146176765	4.28836146176765
Proc	p5_mapk1	up	MAPK1	4.59853093913947	4.59853093913947
Procr	p5_mapk1	up	MAPK1	4.18682805924808	4.18682805924808
Prune2	p5_mapk1	up	MAPK1	5.26220007221906	5.26220007221906
Ptges	p5_mapk1	up	MAPK1	5.06738473628714	5.06738473628714
Ramp3	p1_wnt_mapk1_mapk2	down	MAPK1	-4.22137739837971	4.22137739837971
Ramp3	p1_wnt_mapk1_mapk2	down	MAPK2	-4.21176688880046	4.21176688880046
Ramp3	p1_wnt_mapk1_mapk2	down	WNT	-4.68202627482999	4.68202627482999
Rbp4	p5_mapk1	up	MAPK1	4.7404515700335	4.7404515700335
Rtn4rl1	p1_wnt_mapk2	down	MAPK2	-4.19280596291193	4.19280596291193
Rtn4rl1	p1_wnt_mapk2	down	WNT	-4.19007113192709	4.19007113192709
Runx1	p5_mapk1	up	MAPK1	4.06238182060618	4.06238182060618
Scara5	p5_mapk1	up	MAPK1	4.02874185602751	4.02874185602751
Sgsm1	p1_only_mapk1	down	MAPK1	-4.03677901347701	4.03677901347701
Sh3kbp1	p5_mapk1	up	MAPK1	4.08165507103772	4.08165507103772
Slc14a1	p1_only_mapk1	down	MAPK1	-4.03957679292217	4.03957679292217
Slc7a11	p5_mapk1	up	MAPK1	4.01036647443533	4.01036647443533
Slurp1	p5_mapk1	up	MAPK1	4.18571988024215	4.18571988024215
Smad1	p1_wnt_mapk1_mapk2	down	MAPK1	-4.41549365273426	4.41549365273426
Smad1	p1_wnt_mapk1_mapk2	down	MAPK2	-4.63825803824687	4.63825803824687
Smad1	p1_wnt_mapk1_mapk2	down	WNT	-4.34689865363557	4.34689865363557
Smo	p1_wnt_mapk1	down	MAPK1	-4.28539617921412	4.28539617921412
Smo	p1_wnt_mapk1	down	WNT	-4.29367359795937	4.29367359795937
Smoc2	p1_wnt_mapk1_mapk2	down	MAPK1	-5.02492462472765	5.02492462472765
Smoc2	p1_wnt_mapk1_mapk2	down	MAPK2	-4.25619190070566	4.25619190070566
Smoc2	p1_wnt_mapk1_mapk2	down	WNT	-4.59406334232845	4.59406334232845
Soat1	p5_mapk1	up	MAPK1	4.2034950484467	4.2034950484467
Sp9	p1_only_wnt	down	WNT	-4.25861200752073	4.25861200752073
Spns2	p5_mapk1	up	MAPK1	4.53454363548224	4.53454363548224
Stambpl1	p5_mapk1	up	MAPK1	4.27330457434153	4.27330457434153
Steap2	p5_mapk1	up	MAPK1	4.39232026615889	4.39232026615889
Svopl	p1_only_mapk2	down	MAPK2	-4.0807631951335	4.0807631951335
Syngr1	p5_mapk1	up	MAPK1	4.42426303302676	4.42426303302676
Tead4	p5_mapk1	up	MAPK1	4.04918200829642	4.04918200829642
Tff1	p5_mapk1	up	MAPK1	4.16522845222178	4.16522845222178
Tff2	p5_mapk1	up	MAPK1	4.34993027926797	4.34993027926797
Tff3	p1_wnt_mapk1_mapk2	down	MAPK1	-4.15139771247054	4.15139771247054
Tff3	p1_wnt_mapk1_mapk2	down	MAPK2	-4.10441970541381	4.10441970541381
Tff3	p1_wnt_mapk1_mapk2	down	WNT	-4.05878681241468	4.05878681241468
Tnfaip2	p5_mapk1	up	MAPK1	4.10958551271676	4.10958551271676
Tnfrsf26	p5_mapk1	up	MAPK1	4.87981087050303	4.87981087050303
Trim62	p1_wnt_mapk1_mapk2	down	MAPK1	-4.16519137425024	4.16519137425024
Trim62	p1_wnt_mapk1_mapk2	down	MAPK2	-4.3994939935357	4.3994939935357
Trim62	p1_wnt_mapk1_mapk2	down	WNT	-4.05232126006306	4.05232126006306
Trip6	p5_mapk1	up	MAPK1	4.28991789697006	4.28991789697006
Wfdc18	p1_wnt_mapk1_mapk2	down	MAPK1	-4.52036556219269	4.52036556219269
Wfdc18	p1_wnt_mapk1_mapk2	down	MAPK2	-5.78133930081457	5.78133930081457
Wfdc18	p1_wnt_mapk1_mapk2	down	WNT	-4.5392524581558	4.5392524581558
Wif1	p1_wnt_mapk1	down	MAPK1	-4.24469019474333	4.24469019474333
Wif1	p1_wnt_mapk1	down	WNT	-4.64552140147871	4.64552140147871
Wnt6	p1_wnt_mapk2	down	MAPK2	-4.07340034609297	4.07340034609297
Wnt6	p1_wnt_mapk2	down	WNT	-4.14496568332412	4.14496568332412
